_id,index,guid,isActive,balance,picture,age,eyeColor,name,gender,company,email,phone,address,about,registered,latitude,longitude,tags.0,tags.1,tags.2,tags.3,tags.4,tags.5,tags.6,friends.0.id,friends.0.name,friends.1.id,friends.1.name,friends.2.id,friends.2.name,greeting,favoriteFruit
637c0bab0555e14872a712bd,0,ba436b9b-a763-4e3f-82a2-87c684d2e54d,False,"$1,660.53",http://placehold.it/32x32,39,brown,Laverne Browning,female,GENMY,lavernebrowning@genmy.com,+1 (826) 491-3628,"359 Lafayette Walk, Ribera, District Of Columbia, 2462","Deserunt veniam anim mollit officia nulla aliquip. Eiusmod et incididunt ipsum reprehenderit. Reprehenderit voluptate elit excepteur dolor. Minim mollit exercitation ipsum elit consequat id voluptate ad quis excepteur. Id sunt eiusmod ipsum cillum mollit ipsum ea labore sit nostrud aliquip anim officia cupidatat. Eiusmod non cupidatat nisi voluptate non aliquip.
",2014-01-04T12:23:01 -01:00,44.337939,-138.462341,ut,quis,culpa,do,et,Lorem,eu,0,Parks Foreman,1,Salinas Mccarty,2,Adrienne Austin,"Hello, Laverne Browning! You have 3 unread messages.",banana
637c0bab4de2022fee0bbc2b,1,01f963e8-7e0f-4096-87e8-97726939148f,True,"$1,946.20",http://placehold.it/32x32,25,blue,Barlow Rios,male,LYRICHORD,barlowrios@lyrichord.com,+1 (837) 448-3279,"679 Thames Street, Malo, Wisconsin, 6770","Adipisicing excepteur cupidatat aute tempor quis in est proident duis est. Consequat labore consectetur ullamco officia exercitation voluptate. Fugiat pariatur et irure ad ipsum non. Aliqua minim eiusmod duis consequat aliqua aliquip. Minim labore proident mollit ad incididunt enim tempor.
",2019-07-20T04:45:25 -02:00,76.14694,57.761386,fugiat,ut,id,reprehenderit,ullamco,qui,esse,0,Anita Osborne,1,Katharine Battle,2,Ella Mercado,"Hello, Barlow Rios! You have 7 unread messages.",apple
637c0bab59bfd4378c3ab173,2,22a91468-287e-4968-9832-94132f40e0f7,False,"$1,793.29",http://placehold.it/32x32,36,brown,Cheri Pittman,female,ROBOID,cheripittman@roboid.com,+1 (855) 502-3313,"413 Livonia Avenue, Witmer, South Dakota, 1604","Eu aliqua excepteur reprehenderit enim dolor esse. Commodo adipisicing irure aute sit exercitation. Veniam exercitation in pariatur enim culpa et esse esse cupidatat deserunt minim. Tempor veniam in incididunt consectetur tempor nostrud est sit consectetur. Id id elit consequat consequat officia eu nulla officia exercitation ut qui. Labore amet excepteur consectetur mollit.
",2021-10-04T09:43:49 -02:00,-61.811328,171.813257,ex,sunt,ex,ea,non,eu,veniam,0,Blankenship Espinoza,1,Janet Larson,2,Sally York,"Hello, Cheri Pittman! You have 1 unread messages.",apple
637c0bab9982bcf899165b9b,3,0ffdd23a-3100-47fa-98a0-678b59c7bfa5,False,"$3,837.68",http://placehold.it/32x32,24,brown,Marianne Weiss,female,PRINTSPAN,marianneweiss@printspan.com,+1 (985) 410-2754,"192 Maujer Street, Chesterfield, Alaska, 6635","Enim cupidatat culpa esse Lorem sunt quis Lorem deserunt cupidatat. Fugiat do do occaecat cupidatat excepteur minim velit irure proident quis eiusmod. Ut duis mollit dolor eiusmod adipisicing proident officia minim dolor laboris duis. Do fugiat tempor ipsum fugiat id in sint Lorem enim laboris. Elit esse dolore qui occaecat adipisicing ex laborum sunt elit cillum ex duis pariatur.
",2021-08-21T09:28:44 -02:00,-41.194218,-76.763542,anim,aliqua,in,duis,laborum,sunt,id,0,Fanny Lewis,1,Lynn Willis,2,Elena Hewitt,"Hello, Marianne Weiss! You have 4 unread messages.",apple
637c0bab66a9d8b5d450efdb,4,55a49ed1-dd45-47c8-bbfa-e20b7e498d9f,False,"$3,082.77",http://placehold.it/32x32,28,brown,Hyde Morris,male,VICON,hydemorris@vicon.com,+1 (923) 588-3875,"109 Tehama Street, Celeryville, Ohio, 2635","Magna consequat minim est qui aute. Magna anim in voluptate est elit sint consequat ut occaecat anim deserunt ut adipisicing. Non consectetur exercitation voluptate enim irure quis quis labore.
",2015-06-06T03:47:31 -02:00,29.265541,-175.805219,enim,dolore,in,qui,id,velit,reprehenderit,0,Melva Shelton,1,Richard Kemp,2,Kristi Mccoy,"Hello, Hyde Morris! You have 10 unread messages.",strawberry
637c0babfe4c46726b3346ae,5,4be56521-ee87-4adb-b466-f4ab42be24a1,False,"$2,833.90",http://placehold.it/32x32,33,green,Cherry Odonnell,female,LETPRO,cherryodonnell@letpro.com,+1 (924) 537-3189,"388 Fiske Place, Boomer, Oregon, 423","Cupidatat adipisicing sit dolor id. Ea veniam incididunt dolor ea in pariatur ea anim sunt duis incididunt minim dolor. Sit laboris do reprehenderit duis cupidatat. Quis incididunt sit laborum do proident aliquip nisi nostrud ut reprehenderit duis deserunt dolor sit. Amet ipsum sit proident consectetur consectetur in eu. Cillum cupidatat sit cupidatat occaecat aliqua reprehenderit ullamco sunt tempor mollit consectetur dolore. Excepteur proident laboris in anim reprehenderit in sunt ut.
",2020-09-23T05:58:00 -02:00,47.063261,3.594568,pariatur,sit,velit,excepteur,aliquip,duis,deserunt,0,Sabrina Jones,1,Moses Myers,2,Annabelle Weber,"Hello, Cherry Odonnell! You have 4 unread messages.",apple
637c0babb660bf4ed203c95b,6,afdf0630-93f7-40cd-bfda-f8d1dad949e7,True,"$3,260.33",http://placehold.it/32x32,35,brown,Watson Combs,male,NORALI,watsoncombs@norali.com,+1 (952) 566-3785,"738 Ferris Street, Herlong, American Samoa, 3092","In quis nostrud voluptate ipsum nulla occaecat nisi minim sit. Officia deserunt consectetur ad velit exercitation. In in cupidatat eu pariatur mollit magna voluptate incididunt mollit deserunt minim. Sit in ex cupidatat reprehenderit et laboris proident magna consectetur est nulla irure. Tempor excepteur id ea labore aliquip aute aute elit magna. Duis est ut incididunt et mollit veniam sunt cupidatat pariatur. Consequat qui minim aliquip ea laboris.
",2020-07-15T11:44:25 -02:00,50.676174,-109.917172,aliqua,aliquip,quis,esse,proident,eu,sit,0,Ebony Dixon,1,Florence Cherry,2,Day Baldwin,"Hello, Watson Combs! You have 8 unread messages.",apple
